[{"model": "admin.logentry", "pk": 1, "fields": {"action_time": "2024-01-26T14:16:07.441Z", "user": 1, "content_type": 9, "object_id": "1", "object_repr": "12312 - 3123123 - 2312312 - False", "action_flag": 1, "change_message": "[{\"added\": {}}]"}}, {"model": "admin.logentry", "pk": 2, "fields": {"action_time": "2024-01-26T14:16:11.469Z", "user": 1, "content_type": 9, "object_id": "1", "object_repr": "12312 - 3123123 - 2312312 - True", "action_flag": 2, "change_message": "[{\"changed\": {\"fields\": [\"\\u0421\\u0442\\u0430\\u0442\\u0443\\u0441 \\u043f\\u043e\\u0447\\u0442\\u044b\"]}}]"}}, {"model": "admin.logentry", "pk": 3, "fields": {"action_time": "2024-01-26T14:16:15.992Z", "user": 1, "content_type": 9, "object_id": "1", "object_repr": "12312 - 3123123 - 2312312 - False", "action_flag": 2, "change_message": "[{\"changed\": {\"fields\": [\"\\u0421\\u0442\\u0430\\u0442\\u0443\\u0441 \\u043f\\u043e\\u0447\\u0442\\u044b\"]}}]"}}, {"model": "admin.logentry", "pk": 4, "fields": {"action_time": "2024-01-26T16:18:00.916Z", "user": 1, "content_type": 7, "object_id": "1", "object_repr": "AboutMe object (1)", "action_flag": 1, "change_message": "[{\"added\": {}}]"}}, {"model": "admin.logentry", "pk": 5, "fields": {"action_time": "2024-01-26T16:18:22.851Z", "user": 1, "content_type": 7, "object_id": "1", "object_repr": "AboutMe object (1)", "action_flag": 3, "change_message": ""}}, {"model": "admin.logentry", "pk": 6, "fields": {"action_time": "2024-01-26T17:17:26.711Z", "user": 1, "content_type": 7, "object_id": "1", "object_repr": "qqqqqqqqqqqqqqqqqq", "action_flag": 2, "change_message": "[{\"changed\": {\"fields\": [\"\\u041e \\u0441\\u0435\\u0431\\u0435\"]}}]"}}, {"model": "admin.logentry", "pk": 7, "fields": {"action_time": "2024-01-26T17:23:12.680Z", "user": 1, "content_type": 7, "object_id": "1", "object_repr": "qqqqqqqqqqqqqqqqqq", "action_flag": 2, "change_message": "[]"}}, {"model": "admin.logentry", "pk": 8, "fields": {"action_time": "2024-01-26T17:23:18.104Z", "user": 1, "content_type": 7, "object_id": "1", "object_repr": "qqqqqqqqqqqqqqqqqq", "action_flag": 2, "change_message": "[{\"changed\": {\"fields\": [\"\\u041e \\u0441\\u0435\\u0431\\u0435\"]}}]"}}, {"model": "admin.logentry", "pk": 9, "fields": {"action_time": "2024-01-26T17:25:31.993Z", "user": 1, "content_type": 7, "object_id": "1", "object_repr": "Дмитрий", "action_flag": 2, "change_message": "[{\"changed\": {\"fields\": [\"\\u0422\\u0435\\u043b\\u0435\\u0444\\u043e\\u043d\", \"\\u0413\\u043e\\u0440\\u043e\\u0434\", \"\\u041f\\u043e\\u0447\\u0442\\u0430\", \"\\u0418\\u043c\\u044f\", \"\\u041e\\u0431\\u0440\\u0430\\u0437\\u043e\\u0432\\u0430\\u043d\\u0438\\u0435 \\u043d\\u0435 \\u0432 IT\", \"HH\"]}}]"}}, {"model": "admin.logentry", "pk": 10, "fields": {"action_time": "2024-01-26T17:27:14.177Z", "user": 1, "content_type": 7, "object_id": "1", "object_repr": "Дмитрий", "action_flag": 2, "change_message": "[{\"changed\": {\"fields\": [\"\\u041e \\u0441\\u0435\\u0431\\u0435\"]}}]"}}, {"model": "admin.logentry", "pk": 11, "fields": {"action_time": "2024-01-26T17:28:30.833Z", "user": 1, "content_type": 7, "object_id": "1", "object_repr": "Дмитрий", "action_flag": 2, "change_message": "[{\"changed\": {\"fields\": [\"\\u041e \\u0441\\u0435\\u0431\\u0435\"]}}]"}}, {"model": "admin.logentry", "pk": 12, "fields": {"action_time": "2024-01-26T17:29:17.451Z", "user": 1, "content_type": 7, "object_id": "1", "object_repr": "Дмитрий", "action_flag": 2, "change_message": "[{\"changed\": {\"fields\": [\"\\u041e \\u0441\\u0435\\u0431\\u0435\"]}}]"}}, {"model": "admin.logentry", "pk": 13, "fields": {"action_time": "2024-01-26T17:51:31.873Z", "user": 1, "content_type": 12, "object_id": "1", "object_repr": "Django", "action_flag": 1, "change_message": "[{\"added\": {}}]"}}, {"model": "admin.logentry", "pk": 14, "fields": {"action_time": "2024-01-26T17:54:00.749Z", "user": 1, "content_type": 14, "object_id": "1", "object_repr": "Блог", "action_flag": 1, "change_message": "[{\"added\": {}}, {\"added\": {\"name\": \"\\u041a\\u0430\\u0440\\u0442\\u043e\\u0447\\u043a\\u0430\", \"object\": \"\\u0411\\u043b\\u043e\\u0433 - \\u0424\\u0443\\u043d\\u043a\\u0446\\u0438\\u043e\\u043d\\u0430\\u043b\"}}]"}}, {"model": "admin.logentry", "pk": 15, "fields": {"action_time": "2024-01-26T17:56:23.315Z", "user": 1, "content_type": 12, "object_id": "2", "object_repr": "Python", "action_flag": 1, "change_message": "[{\"added\": {}}]"}}, {"model": "admin.logentry", "pk": 16, "fields": {"action_time": "2024-01-26T17:56:28.613Z", "user": 1, "content_type": 12, "object_id": "2", "object_repr": "Python", "action_flag": 2, "change_message": "[]"}}, {"model": "admin.logentry", "pk": 17, "fields": {"action_time": "2024-01-26T17:56:44.661Z", "user": 1, "content_type": 12, "object_id": "3", "object_repr": "Postgres", "action_flag": 1, "change_message": "[{\"added\": {}}]"}}, {"model": "admin.logentry", "pk": 18, "fields": {"action_time": "2024-01-26T17:56:51.361Z", "user": 1, "content_type": 12, "object_id": "3", "object_repr": "Postgres", "action_flag": 2, "change_message": "[]"}}, {"model": "admin.logentry", "pk": 19, "fields": {"action_time": "2024-01-26T17:56:59.840Z", "user": 1, "content_type": 12, "object_id": "4", "object_repr": "Ajax", "action_flag": 1, "change_message": "[{\"added\": {}}]"}}, {"model": "admin.logentry", "pk": 20, "fields": {"action_time": "2024-01-26T17:57:11.870Z", "user": 1, "content_type": 12, "object_id": "5", "object_repr": "Bootstrap", "action_flag": 1, "change_message": "[{\"added\": {}}]"}}, {"model": "admin.logentry", "pk": 21, "fields": {"action_time": "2024-01-26T17:57:22.998Z", "user": 1, "content_type": 12, "object_id": "6", "object_repr": "CSS", "action_flag": 1, "change_message": "[{\"added\": {}}]"}}, {"model": "admin.logentry", "pk": 22, "fields": {"action_time": "2024-01-26T17:57:37.956Z", "user": 1, "content_type": 14, "object_id": "1", "object_repr": "Блог", "action_flag": 2, "change_message": "[{\"changed\": {\"fields\": [\"\\u0422\\u0435\\u0445\\u043d\\u043e\\u043b\\u043e\\u0433\\u0438\\u0438 \\u043f\\u0440\\u043e\\u0435\\u043a\\u0442\\u0430\"]}}]"}}, {"model": "admin.logentry", "pk": 23, "fields": {"action_time": "2024-01-26T17:59:38.364Z", "user": 1, "content_type": 14, "object_id": "2", "object_repr": "Квиз", "action_flag": 1, "change_message": "[{\"added\": {}}, {\"added\": {\"name\": \"\\u041a\\u0430\\u0440\\u0442\\u043e\\u0447\\u043a\\u0430\", \"object\": \"\\u041a\\u0432\\u0438\\u0437 - \\u0424\\u0443\\u043d\\u043a\\u0446\\u0438\\u043e\\u043d\\u0430\\u043b\\u044c\\u043d\\u044b\\u0435 \\u0447\\u0430\\u0441\\u0442\\u0438 \\u0441\\u0435\\u0440\\u0432\\u0438\\u0441\\u0430\"}}, {\"added\": {\"name\": \"\\u041a\\u0430\\u0440\\u0442\\u043e\\u0447\\u043a\\u0430\", \"object\": \"\\u041a\\u0432\\u0438\\u0437 - \\u041f\\u043e\\u0441\\u043b\\u0435 \\u0437\\u0430\\u0432\\u0435\\u0440\\u0448\\u0435\\u043d\\u0438\\u044f \\u0442\\u0435\\u0441\\u0442\\u0438\\u0440\\u043e\\u0432\\u0430\\u043d\\u0438\\u044f \\u0441\\u043c\\u043e\\u0442\\u0440\\u0435\\u0442\\u044c \\u0440\"}}, {\"added\": {\"name\": \"\\u041a\\u0430\\u0440\\u0442\\u043e\\u0447\\u043a\\u0430\", \"object\": \"\\u041a\\u0432\\u0438\\u0437 - \\u0410\\u0434\\u043c\\u0438\\u043d\\u043a\\u0430. \\u0421\\u0442\\u0430\\u043d\\u0434\\u0430\\u0440\\u0442\\u043d\\u0430\\u044f \\u0430\\u0434\\u043c\\u0438\\u043d\\u043a\\u0430 Django. \\u0420\\u0430\\u0437\"}}]"}}, {"model": "admin.logentry", "pk": 24, "fields": {"action_time": "2024-01-26T18:00:28.999Z", "user": 1, "content_type": 14, "object_id": "2", "object_repr": "Квиз", "action_flag": 2, "change_message": "[{\"changed\": {\"name\": \"\\u041a\\u0430\\u0440\\u0442\\u043e\\u0447\\u043a\\u0430\", \"object\": \"\\u041a\\u0432\\u0438\\u0437 - \\u041f\\u043e\\u0441\\u043b\\u0435 \\u0437\\u0430\\u0432\\u0435\\u0440\\u0448\\u0435\\u043d\\u0438\\u044f \\u0442\\u0435\\u0441\\u0442\\u0438\\u0440\\u043e\\u0432\\u0430\\u043d\\u0438\\u044f\", \"fields\": [\"\\u0422\\u0435\\u043c\\u0430\"]}}]"}}, {"model": "admin.logentry", "pk": 25, "fields": {"action_time": "2024-01-26T18:01:59.126Z", "user": 1, "content_type": 12, "object_id": "7", "object_repr": "Celery", "action_flag": 1, "change_message": "[{\"added\": {}}]"}}, {"model": "admin.logentry", "pk": 26, "fields": {"action_time": "2024-01-26T18:02:03.841Z", "user": 1, "content_type": 12, "object_id": "8", "object_repr": "Redis", "action_flag": 1, "change_message": "[{\"added\": {}}]"}}, {"model": "admin.logentry", "pk": 27, "fields": {"action_time": "2024-01-26T18:02:23.056Z", "user": 1, "content_type": 14, "object_id": "3", "object_repr": "Резюме", "action_flag": 1, "change_message": "[{\"added\": {}}]"}}, {"model": "admin.logentry", "pk": 28, "fields": {"action_time": "2024-01-26T18:03:06.546Z", "user": 1, "content_type": 14, "object_id": "4", "object_repr": "Резюме", "action_flag": 1, "change_message": "[{\"added\": {}}, {\"added\": {\"name\": \"\\u041a\\u0430\\u0440\\u0442\\u043e\\u0447\\u043a\\u0430\", \"object\": \"\\u0420\\u0435\\u0437\\u044e\\u043c\\u0435 - \\u0418\\u043d\\u0444\\u043e\\u0440\\u043c\\u0430\\u0446\\u0438\\u0438 \\u043e \\u0441\\u043e\\u0438\\u0441\\u043a\\u0430\\u0442\\u0435\\u043b\\u0435\"}}, {\"added\": {\"name\": \"\\u041a\\u0430\\u0440\\u0442\\u043e\\u0447\\u043a\\u0430\", \"object\": \"\\u0420\\u0435\\u0437\\u044e\\u043c\\u0435 - Todo session\"}}]"}}, {"model": "admin.logentry", "pk": 29, "fields": {"action_time": "2024-01-26T18:09:07.352Z", "user": 1, "content_type": 14, "object_id": "3", "object_repr": "Резюме", "action_flag": 3, "change_message": ""}}, {"model": "admin.logentry", "pk": 30, "fields": {"action_time": "2024-01-26T18:47:04.215Z", "user": 1, "content_type": 14, "object_id": "1", "object_repr": "Блог", "action_flag": 2, "change_message": "[{\"changed\": {\"fields\": [\"\\u0421\\u0441\\u044b\\u043b\\u043a\\u0430 \\u043d\\u0430 GitHub\", \"API\"]}}]"}}, {"model": "admin.logentry", "pk": 31, "fields": {"action_time": "2024-01-26T18:47:13.762Z", "user": 1, "content_type": 14, "object_id": "4", "object_repr": "Резюме", "action_flag": 2, "change_message": "[{\"changed\": {\"fields\": [\"API\"]}}]"}}, {"model": "admin.logentry", "pk": 32, "fields": {"action_time": "2024-01-26T18:48:16.098Z", "user": 1, "content_type": 14, "object_id": "4", "object_repr": "Резюме", "action_flag": 2, "change_message": "[]"}}, {"model": "admin.logentry", "pk": 33, "fields": {"action_time": "2024-01-26T20:55:05.925Z", "user": 1, "content_type": 14, "object_id": "4", "object_repr": "Резюме", "action_flag": 2, "change_message": "[{\"changed\": {\"fields\": [\"API\"]}}]"}}, {"model": "admin.logentry", "pk": 34, "fields": {"action_time": "2024-01-26T20:55:38.061Z", "user": 1, "content_type": 14, "object_id": "4", "object_repr": "Резюме", "action_flag": 2, "change_message": "[{\"changed\": {\"fields\": [\"API\"]}}]"}}, {"model": "admin.logentry", "pk": 35, "fields": {"action_time": "2024-01-26T20:55:49.771Z", "user": 1, "content_type": 14, "object_id": "4", "object_repr": "Резюме", "action_flag": 2, "change_message": "[{\"changed\": {\"fields\": [\"API\"]}}]"}}, {"model": "admin.logentry", "pk": 36, "fields": {"action_time": "2024-01-26T20:57:45.925Z", "user": 1, "content_type": 14, "object_id": "4", "object_repr": "Резюме", "action_flag": 2, "change_message": "[{\"changed\": {\"fields\": [\"API\"]}}]"}}, {"model": "admin.logentry", "pk": 37, "fields": {"action_time": "2024-01-26T21:00:47.890Z", "user": 1, "content_type": 14, "object_id": "1", "object_repr": "Блог", "action_flag": 2, "change_message": "[{\"changed\": {\"fields\": [\"API\"]}}]"}}, {"model": "admin.logentry", "pk": 38, "fields": {"action_time": "2024-01-26T21:07:57.997Z", "user": 1, "content_type": 14, "object_id": "1", "object_repr": "Блог", "action_flag": 2, "change_message": "[]"}}, {"model": "admin.logentry", "pk": 39, "fields": {"action_time": "2024-01-27T17:37:56.848Z", "user": 1, "content_type": 14, "object_id": "4", "object_repr": "Резюме", "action_flag": 2, "change_message": "[{\"changed\": {\"fields\": [\"\\u0421\\u0441\\u044b\\u043b\\u043a\\u0430 \\u043d\\u0430 WebSite\"]}}]"}}, {"model": "admin.logentry", "pk": 40, "fields": {"action_time": "2024-01-27T17:39:08.070Z", "user": 1, "content_type": 14, "object_id": "4", "object_repr": "Резюме", "action_flag": 2, "change_message": "[{\"changed\": {\"fields\": [\"\\u0421\\u0441\\u044b\\u043b\\u043a\\u0430 \\u043d\\u0430 WebSite\"]}}]"}}, {"model": "admin.logentry", "pk": 41, "fields": {"action_time": "2024-01-27T17:40:00.543Z", "user": 1, "content_type": 14, "object_id": "4", "object_repr": "Резюме", "action_flag": 2, "change_message": "[{\"changed\": {\"fields\": [\"\\u0421\\u0441\\u044b\\u043b\\u043a\\u0430 \\u043d\\u0430 WebSite\"]}}]"}}, {"model": "admin.logentry", "pk": 42, "fields": {"action_time": "2024-01-27T17:40:10.673Z", "user": 1, "content_type": 14, "object_id": "4", "object_repr": "Резюме", "action_flag": 2, "change_message": "[{\"changed\": {\"fields\": [\"\\u0421\\u0441\\u044b\\u043b\\u043a\\u0430 \\u043d\\u0430 WebSite\"]}}]"}}, {"model": "admin.logentry", "pk": 43, "fields": {"action_time": "2024-01-27T17:41:21.239Z", "user": 1, "content_type": 14, "object_id": "2", "object_repr": "Квиз", "action_flag": 2, "change_message": "[{\"changed\": {\"fields\": [\"\\u0421\\u0441\\u044b\\u043b\\u043a\\u0430 \\u043d\\u0430 WebSite\"]}}]"}}, {"model": "admin.logentry", "pk": 44, "fields": {"action_time": "2024-01-27T17:43:15.379Z", "user": 1, "content_type": 14, "object_id": "2", "object_repr": "Квиз", "action_flag": 2, "change_message": "[{\"changed\": {\"fields\": [\"\\u0421\\u0441\\u044b\\u043b\\u043a\\u0430 \\u043d\\u0430 GitHub\"]}}]"}}, {"model": "admin.logentry", "pk": 45, "fields": {"action_time": "2024-01-27T17:44:31.116Z", "user": 1, "content_type": 12, "object_id": "9", "object_repr": "Django rest framewor", "action_flag": 1, "change_message": "[{\"added\": {}}]"}}, {"model": "admin.logentry", "pk": 46, "fields": {"action_time": "2024-01-27T17:44:46.622Z", "user": 1, "content_type": 12, "object_id": "9", "object_repr": "Django rest framewor", "action_flag": 2, "change_message": "[]"}}, {"model": "admin.logentry", "pk": 47, "fields": {"action_time": "2024-01-27T17:46:29.821Z", "user": 1, "content_type": 14, "object_id": "4", "object_repr": "Резюме", "action_flag": 2, "change_message": "[{\"changed\": {\"fields\": [\"\\u0422\\u0435\\u0445\\u043d\\u043e\\u043b\\u043e\\u0433\\u0438\\u0438 \\u043f\\u0440\\u043e\\u0435\\u043a\\u0442\\u0430\"]}}]"}}, {"model": "admin.logentry", "pk": 48, "fields": {"action_time": "2024-01-27T17:48:59.337Z", "user": 1, "content_type": 14, "object_id": "1", "object_repr": "Блог", "action_flag": 2, "change_message": "[{\"changed\": {\"fields\": [\"\\u0421\\u0441\\u044b\\u043b\\u043a\\u0430 \\u043d\\u0430 WebSite\"]}}]"}}, {"model": "admin.logentry", "pk": 49, "fields": {"action_time": "2024-01-27T17:53:10.397Z", "user": 1, "content_type": 14, "object_id": "5", "object_repr": "Приложение Авторизации", "action_flag": 1, "change_message": "[{\"added\": {}}]"}}, {"model": "admin.logentry", "pk": 50, "fields": {"action_time": "2024-01-27T17:56:20.704Z", "user": 1, "content_type": 14, "object_id": "5", "object_repr": "Приложение Авторизации", "action_flag": 2, "change_message": "[{\"changed\": {\"fields\": [\"\\u0421\\u0441\\u044b\\u043b\\u043a\\u0430 \\u043d\\u0430 GitHub\", \"\\u0421\\u0441\\u044b\\u043b\\u043a\\u0430 \\u043d\\u0430 WebSite\", \"API\"]}}, {\"added\": {\"name\": \"\\u041a\\u0430\\u0440\\u0442\\u043e\\u0447\\u043a\\u0430\", \"object\": \"\\u041f\\u0440\\u0438\\u043b\\u043e\\u0436\\u0435\\u043d\\u0438\\u0435 \\u0410\\u0432\\u0442\\u043e\\u0440\\u0438\\u0437\\u0430\\u0446\\u0438\\u0438 - \\u0424\\u0443\\u043d\\u043a\\u0446\\u0438\\u043e\\u043d\\u0430\\u043b\"}}]"}}, {"model": "admin.logentry", "pk": 51, "fields": {"action_time": "2024-01-27T18:01:33.397Z", "user": 1, "content_type": 14, "object_id": "6", "object_repr": "Реферальная система", "action_flag": 1, "change_message": "[{\"added\": {}}, {\"added\": {\"name\": \"\\u041a\\u0430\\u0440\\u0442\\u043e\\u0447\\u043a\\u0430\", \"object\": \"\\u0420\\u0435\\u0444\\u0435\\u0440\\u0430\\u043b\\u044c\\u043d\\u0430\\u044f \\u0441\\u0438\\u0441\\u0442\\u0435\\u043c\\u0430 - \\u0424\\u0443\\u043d\\u043a\\u0446\\u0438\\u043e\\u043d\\u0430\\u043b\"}}]"}}, {"model": "admin.logentry", "pk": 52, "fields": {"action_time": "2024-01-27T18:04:46.646Z", "user": 1, "content_type": 14, "object_id": "6", "object_repr": "Реферальная система", "action_flag": 2, "change_message": "[{\"changed\": {\"fields\": [\"API\"]}}]"}}, {"model": "admin.logentry", "pk": 53, "fields": {"action_time": "2024-01-27T18:09:31.664Z", "user": 1, "content_type": 14, "object_id": "4", "object_repr": "Резюме", "action_flag": 2, "change_message": "[{\"changed\": {\"fields\": [\"\\u0421\\u0441\\u044b\\u043b\\u043a\\u0430 \\u043d\\u0430 GitHub\"]}}]"}}, {"model": "admin.logentry", "pk": 54, "fields": {"action_time": "2024-01-27T18:42:28.729Z", "user": 1, "content_type": 17, "object_id": "1", "object_repr": "Искусство", "action_flag": 1, "change_message": "[{\"added\": {}}]"}}, {"model": "admin.logentry", "pk": 55, "fields": {"action_time": "2024-01-27T18:44:49.980Z", "user": 1, "content_type": 18, "object_id": "1", "object_repr": "Этимология и семантика", "action_flag": 1, "change_message": "[{\"added\": {}}]"}}, {"model": "admin.logentry", "pk": 56, "fields": {"action_time": "2024-01-27T18:45:38.454Z", "user": 1, "content_type": 18, "object_id": "2", "object_repr": "Отношения понятий: искусство, эстетическая и художественная деятельность", "action_flag": 1, "change_message": "[{\"added\": {}}]"}}, {"model": "admin.logentry", "pk": 57, "fields": {"action_time": "2024-01-27T18:51:54.769Z", "user": 1, "content_type": 17, "object_id": "2", "object_repr": "Музыка", "action_flag": 1, "change_message": "[{\"added\": {}}]"}}, {"model": "admin.logentry", "pk": 58, "fields": {"action_time": "2024-01-27T18:53:16.002Z", "user": 1, "content_type": 17, "object_id": "3", "object_repr": "Латиноамериканская музыка", "action_flag": 1, "change_message": "[{\"added\": {}}]"}}, {"model": "admin.logentry", "pk": 59, "fields": {"action_time": "2024-01-27T18:55:06.505Z", "user": 1, "content_type": 18, "object_id": "3", "object_repr": "Определение", "action_flag": 1, "change_message": "[{\"added\": {}}]"}}, {"model": "admin.logentry", "pk": 60, "fields": {"action_time": "2024-01-27T18:56:21.169Z", "user": 1, "content_type": 17, "object_id": "4", "object_repr": "Блюз", "action_flag": 1, "change_message": "[{\"added\": {}}]"}}, {"model": "admin.logentry", "pk": 61, "fields": {"action_time": "2024-01-27T18:56:48.565Z", "user": 1, "content_type": 18, "object_id": "4", "object_repr": "Определение", "action_flag": 1, "change_message": "[{\"added\": {}}]"}}, {"model": "admin.logentry", "pk": 62, "fields": {"action_time": "2024-01-27T18:57:21.318Z", "user": 1, "content_type": 18, "object_id": "4", "object_repr": "Определение Блюэ", "action_flag": 2, "change_message": "[{\"changed\": {\"fields\": [\"\\u041d\\u0430\\u0437\\u0432\\u0430\\u043d\\u0438\\u0435\"]}}]"}}, {"model": "admin.logentry", "pk": 63, "fields": {"action_time": "2024-01-27T18:57:33.081Z", "user": 1, "content_type": 18, "object_id": "3", "object_repr": "Определение Латиноамерика́нская му́зыка", "action_flag": 2, "change_message": "[{\"changed\": {\"fields\": [\"\\u041d\\u0430\\u0437\\u0432\\u0430\\u043d\\u0438\\u0435\"]}}]"}}, {"model": "admin.logentry", "pk": 64, "fields": {"action_time": "2024-01-27T18:57:54.682Z", "user": 1, "content_type": 18, "object_id": "4", "object_repr": "Определение Блюз", "action_flag": 2, "change_message": "[{\"changed\": {\"fields\": [\"\\u041d\\u0430\\u0437\\u0432\\u0430\\u043d\\u0438\\u0435\"]}}]"}}, {"model": "admin.logentry", "pk": 65, "fields": {"action_time": "2024-01-27T19:11:39.592Z", "user": 1, "content_type": 14, "object_id": "1", "object_repr": "Блог", "action_flag": 2, "change_message": "[{\"added\": {\"name\": \"\\u041a\\u0430\\u0440\\u0442\\u043e\\u0447\\u043a\\u0430\", \"object\": \"\\u0411\\u043b\\u043e\\u0433 - \\u0412 \\u043f\\u0440\\u043e\\u0446\\u0435\\u0441\\u0441\\u0435\"}}]"}}, {"model": "admin.logentry", "pk": 66, "fields": {"action_time": "2024-01-27T19:12:12.231Z", "user": 1, "content_type": 14, "object_id": "1", "object_repr": "Блог", "action_flag": 2, "change_message": "[{\"changed\": {\"fields\": [\"\\u0421\\u0442\\u0430\\u0442\\u0443\\u0441\"]}}]"}}, {"model": "admin.logentry", "pk": 67, "fields": {"action_time": "2024-01-27T19:52:35.027Z", "user": 1, "content_type": 20, "object_id": "1", "object_repr": "Вопросы из различных областей", "action_flag": 1, "change_message": "[{\"added\": {}}, {\"added\": {\"name\": \"\\u0412\\u043e\\u043f\\u0440\\u043e\\u0441\", \"object\": \"\\u0412\\u043e\\u043f\\u0440\\u043e\\u0441\\u044b \\u0438\\u0437 \\u0440\\u0430\\u0437\\u043b\\u0438\\u0447\\u043d\\u044b\\u0445 \\u043e\\u0431\\u043b\\u0430\\u0441\\u0442\\u0435\\u0439 - \\u0412\\u043f\\u0435\\u0440\\u0432\\u044b\\u0435 \\u043d\\u0430\\u0437\\u0432\\u0430\\u043b \\u0434\\u0436\\u0430\\u0437 \\\"\\u043c\\u0443\\u0437\\u044b\\u043a\\u043e\\u0439 \\u0442\\u043e\\u043b\\u0441\\u0442\\u044b\\u0445\\\"\"}}, {\"added\": {\"name\": \"\\u0412\\u043e\\u043f\\u0440\\u043e\\u0441\", \"object\": \"\\u0412\\u043e\\u043f\\u0440\\u043e\\u0441\\u044b \\u0438\\u0437 \\u0440\\u0430\\u0437\\u043b\\u0438\\u0447\\u043d\\u044b\\u0445 \\u043e\\u0431\\u043b\\u0430\\u0441\\u0442\\u0435\\u0439 - \\u041d\\u0435\\u043c\\u0435\\u0446\\u043a\\u0438\\u0439 \\u043c\\u0430\\u0442\\u0435\\u043c\\u0430\\u0442\\u0438\\u043a \\u041a\\u0430\\u0440\\u043b \\u0413\\u0430\\u0443\\u0441\\u0441 \\u0437\\u0430\\u0432\\u0435\\u0449\\u0430\\u043b \\u0438\\u0437\\u043e\\u0431\\u0440\\u0430\\u0437\\u0438\\u0442\\u044c \\u043d\\u0430 \\u0441\\u0432\\u043e\\u0435\\u0439 \\u043c\\u043e\\u0433\\u0438\\u043b\\u0435\"}}, {\"added\": {\"name\": \"\\u0412\\u043e\\u043f\\u0440\\u043e\\u0441\", \"object\": \"\\u0412\\u043e\\u043f\\u0440\\u043e\\u0441\\u044b \\u0438\\u0437 \\u0440\\u0430\\u0437\\u043b\\u0438\\u0447\\u043d\\u044b\\u0445 \\u043e\\u0431\\u043b\\u0430\\u0441\\u0442\\u0435\\u0439 - \\u0421\\u0430\\u043c\\u0430\\u044f \\u043a\\u0440\\u0443\\u043f\\u043d\\u0430\\u044f \\u0440\\u0443\\u0431\\u043b\\u0451\\u0432\\u0430\\u044f \\u043a\\u0443\\u043f\\u044e\\u0440\\u0430 \\u0438\\u043c\\u0435\\u043b\\u0430 \\u043d\\u043e\\u043c\\u0438\\u043d\\u0430\\u043b\"}}, {\"added\": {\"name\": \"\\u041e\\u0442\\u0432\\u0435\\u0442\", \"object\": \"\\u0412\\u043e\\u043f\\u0440\\u043e\\u0441\\u044b \\u0438\\u0437 \\u0440\\u0430\\u0437\\u043b\\u0438\\u0447\\u043d\\u044b\\u0445 \\u043e\\u0431\\u043b\\u0430\\u0441\\u0442\\u0435\\u0439 - \\u0412\\u043f\\u0435\\u0440\\u0432\\u044b\\u0435 \\u043d\\u0430\\u0437\\u0432\\u0430\\u043b \\u0434\\u0436\\u0430\\u0437 \\\"\\u043c\\u0443\\u0437\\u044b\\u043a\\u043e\\u0439 \\u0442\\u043e\\u043b\\u0441\\u0442\\u044b\\u0445\\\" - \\u041c\\u0430\\u043a\\u0441\\u0438\\u043c \\u0413\\u043e\\u0440\\u044c\\u043a\\u0438\\u0439\"}}, {\"added\": {\"name\": \"\\u041e\\u0442\\u0432\\u0435\\u0442\", \"object\": \"\\u0412\\u043e\\u043f\\u0440\\u043e\\u0441\\u044b \\u0438\\u0437 \\u0440\\u0430\\u0437\\u043b\\u0438\\u0447\\u043d\\u044b\\u0445 \\u043e\\u0431\\u043b\\u0430\\u0441\\u0442\\u0435\\u0439 - \\u0412\\u043f\\u0435\\u0440\\u0432\\u044b\\u0435 \\u043d\\u0430\\u0437\\u0432\\u0430\\u043b \\u0434\\u0436\\u0430\\u0437 \\\"\\u043c\\u0443\\u0437\\u044b\\u043a\\u043e\\u0439 \\u0442\\u043e\\u043b\\u0441\\u0442\\u044b\\u0445\\\" - \\u042d\\u0440\\u043d\\u0435\\u0441\\u0442 \\u0425\\u0435\\u043c\\u0438\\u043d\\u0433\\u0443\\u044d\\u0439\"}}, {\"added\": {\"name\": \"\\u041e\\u0442\\u0432\\u0435\\u0442\", \"object\": \"\\u0412\\u043e\\u043f\\u0440\\u043e\\u0441\\u044b \\u0438\\u0437 \\u0440\\u0430\\u0437\\u043b\\u0438\\u0447\\u043d\\u044b\\u0445 \\u043e\\u0431\\u043b\\u0430\\u0441\\u0442\\u0435\\u0439 - \\u0412\\u043f\\u0435\\u0440\\u0432\\u044b\\u0435 \\u043d\\u0430\\u0437\\u0432\\u0430\\u043b \\u0434\\u0436\\u0430\\u0437 \\\"\\u043c\\u0443\\u0437\\u044b\\u043a\\u043e\\u0439 \\u0442\\u043e\\u043b\\u0441\\u0442\\u044b\\u0445\\\" - \\u0411\\u0435\\u0440\\u043d\\u0430\\u0440\\u0434 \\u0428\\u043e\\u0443\"}}, {\"added\": {\"name\": \"\\u041e\\u0442\\u0432\\u0435\\u0442\", \"object\": \"\\u0412\\u043e\\u043f\\u0440\\u043e\\u0441\\u044b \\u0438\\u0437 \\u0440\\u0430\\u0437\\u043b\\u0438\\u0447\\u043d\\u044b\\u0445 \\u043e\\u0431\\u043b\\u0430\\u0441\\u0442\\u0435\\u0439 - \\u041d\\u0435\\u043c\\u0435\\u0446\\u043a\\u0438\\u0439 \\u043c\\u0430\\u0442\\u0435\\u043c\\u0430\\u0442\\u0438\\u043a \\u041a\\u0430\\u0440\\u043b \\u0413\\u0430\\u0443\\u0441\\u0441 \\u0437\\u0430\\u0432\\u0435\\u0449\\u0430\\u043b \\u0438\\u0437\\u043e\\u0431\\u0440\\u0430\\u0437\\u0438\\u0442\\u044c \\u043d\\u0430 \\u0441\\u0432\\u043e\\u0435\\u0439 \\u043c\\u043e\\u0433\\u0438\\u043b\\u0435 - \\u0420\\u043e\\u043c\\u0431\"}}, {\"added\": {\"name\": \"\\u041e\\u0442\\u0432\\u0435\\u0442\", \"object\": \"\\u0412\\u043e\\u043f\\u0440\\u043e\\u0441\\u044b \\u0438\\u0437 \\u0440\\u0430\\u0437\\u043b\\u0438\\u0447\\u043d\\u044b\\u0445 \\u043e\\u0431\\u043b\\u0430\\u0441\\u0442\\u0435\\u0439 - \\u041d\\u0435\\u043c\\u0435\\u0446\\u043a\\u0438\\u0439 \\u043c\\u0430\\u0442\\u0435\\u043c\\u0430\\u0442\\u0438\\u043a \\u041a\\u0430\\u0440\\u043b \\u0413\\u0430\\u0443\\u0441\\u0441 \\u0437\\u0430\\u0432\\u0435\\u0449\\u0430\\u043b \\u0438\\u0437\\u043e\\u0431\\u0440\\u0430\\u0437\\u0438\\u0442\\u044c \\u043d\\u0430 \\u0441\\u0432\\u043e\\u0435\\u0439 \\u043c\\u043e\\u0433\\u0438\\u043b\\u0435 - \\u0428\\u0435\\u0441\\u0442\\u0438\\u0443\\u0433\\u043e\\u043b\\u044c\\u043d\\u0438\\u043a\"}}, {\"added\": {\"name\": \"\\u041e\\u0442\\u0432\\u0435\\u0442\", \"object\": \"\\u0412\\u043e\\u043f\\u0440\\u043e\\u0441\\u044b \\u0438\\u0437 \\u0440\\u0430\\u0437\\u043b\\u0438\\u0447\\u043d\\u044b\\u0445 \\u043e\\u0431\\u043b\\u0430\\u0441\\u0442\\u0435\\u0439 - \\u041d\\u0435\\u043c\\u0435\\u0446\\u043a\\u0438\\u0439 \\u043c\\u0430\\u0442\\u0435\\u043c\\u0430\\u0442\\u0438\\u043a \\u041a\\u0430\\u0440\\u043b \\u0413\\u0430\\u0443\\u0441\\u0441 \\u0437\\u0430\\u0432\\u0435\\u0449\\u0430\\u043b \\u0438\\u0437\\u043e\\u0431\\u0440\\u0430\\u0437\\u0438\\u0442\\u044c \\u043d\\u0430 \\u0441\\u0432\\u043e\\u0435\\u0439 \\u043c\\u043e\\u0433\\u0438\\u043b\\u0435 - \\u0421\\u0435\\u043c\\u043d\\u0430\\u0434\\u0446\\u0430\\u0442\\u0438\\u0443\\u0433\\u043e\\u043b\\u044c\\u043d\\u0438\\u043a\"}}, {\"added\": {\"name\": \"\\u041e\\u0442\\u0432\\u0435\\u0442\", \"object\": \"\\u0412\\u043e\\u043f\\u0440\\u043e\\u0441\\u044b \\u0438\\u0437 \\u0440\\u0430\\u0437\\u043b\\u0438\\u0447\\u043d\\u044b\\u0445 \\u043e\\u0431\\u043b\\u0430\\u0441\\u0442\\u0435\\u0439 - \\u0421\\u0430\\u043c\\u0430\\u044f \\u043a\\u0440\\u0443\\u043f\\u043d\\u0430\\u044f \\u0440\\u0443\\u0431\\u043b\\u0451\\u0432\\u0430\\u044f \\u043a\\u0443\\u043f\\u044e\\u0440\\u0430 \\u0438\\u043c\\u0435\\u043b\\u0430 \\u043d\\u043e\\u043c\\u0438\\u043d\\u0430\\u043b - 1 000 000 \\u0440\\u0443\\u0431\\u043b\\u0435\\u0439\"}}, {\"added\": {\"name\": \"\\u041e\\u0442\\u0432\\u0435\\u0442\", \"object\": \"\\u0412\\u043e\\u043f\\u0440\\u043e\\u0441\\u044b \\u0438\\u0437 \\u0440\\u0430\\u0437\\u043b\\u0438\\u0447\\u043d\\u044b\\u0445 \\u043e\\u0431\\u043b\\u0430\\u0441\\u0442\\u0435\\u0439 - \\u0421\\u0430\\u043c\\u0430\\u044f \\u043a\\u0440\\u0443\\u043f\\u043d\\u0430\\u044f \\u0440\\u0443\\u0431\\u043b\\u0451\\u0432\\u0430\\u044f \\u043a\\u0443\\u043f\\u044e\\u0440\\u0430 \\u0438\\u043c\\u0435\\u043b\\u0430 \\u043d\\u043e\\u043c\\u0438\\u043d\\u0430\\u043b - 500 000 \\u0440\\u0443\\u0431\\u043b\\u0435\\u0439\"}}, {\"added\": {\"name\": \"\\u041e\\u0442\\u0432\\u0435\\u0442\", \"object\": \"\\u0412\\u043e\\u043f\\u0440\\u043e\\u0441\\u044b \\u0438\\u0437 \\u0440\\u0430\\u0437\\u043b\\u0438\\u0447\\u043d\\u044b\\u0445 \\u043e\\u0431\\u043b\\u0430\\u0441\\u0442\\u0435\\u0439 - \\u0421\\u0430\\u043c\\u0430\\u044f \\u043a\\u0440\\u0443\\u043f\\u043d\\u0430\\u044f \\u0440\\u0443\\u0431\\u043b\\u0451\\u0432\\u0430\\u044f \\u043a\\u0443\\u043f\\u044e\\u0440\\u0430 \\u0438\\u043c\\u0435\\u043b\\u0430 \\u043d\\u043e\\u043c\\u0438\\u043d\\u0430\\u043b - 1 500 000 \\u0440\\u0443\\u0431\\u043b\\u0435\\u0439\"}}]"}}, {"model": "admin.logentry", "pk": 68, "fields": {"action_time": "2024-01-27T20:06:05.873Z", "user": 1, "content_type": 12, "object_id": "10", "object_repr": "Docker", "action_flag": 1, "change_message": "[{\"added\": {}}]"}}, {"model": "admin.logentry", "pk": 69, "fields": {"action_time": "2024-01-27T20:06:41.568Z", "user": 1, "content_type": 12, "object_id": "9", "object_repr": "Rest framework", "action_flag": 2, "change_message": "[{\"changed\": {\"fields\": [\"\\u041d\\u0430\\u0437\\u0432\\u0430\\u043d\\u0438\\u0435 \\u0442\\u0435\\u0445\\u043d\\u043e\\u043b\\u043e\\u0433\\u0438\\u0438\"]}}]"}}, {"model": "admin.logentry", "pk": 70, "fields": {"action_time": "2024-01-27T20:07:06.674Z", "user": 1, "content_type": 12, "object_id": "9", "object_repr": "REST framework", "action_flag": 2, "change_message": "[{\"changed\": {\"fields\": [\"\\u041d\\u0430\\u0437\\u0432\\u0430\\u043d\\u0438\\u0435 \\u0442\\u0435\\u0445\\u043d\\u043e\\u043b\\u043e\\u0433\\u0438\\u0438\"]}}]"}}, {"model": "admin.logentry", "pk": 71, "fields": {"action_time": "2024-01-27T20:07:42.836Z", "user": 1, "content_type": 14, "object_id": "4", "object_repr": "Резюме", "action_flag": 2, "change_message": "[{\"changed\": {\"fields\": [\"\\u0422\\u0435\\u0445\\u043d\\u043e\\u043b\\u043e\\u0433\\u0438\\u0438 \\u043f\\u0440\\u043e\\u0435\\u043a\\u0442\\u0430\"]}}]"}}, {"model": "admin.logentry", "pk": 72, "fields": {"action_time": "2024-01-27T20:20:00.546Z", "user": 1, "content_type": 14, "object_id": "4", "object_repr": "Резюме", "action_flag": 2, "change_message": "[]"}}, {"model": "auth.permission", "pk": 1, "fields": {"name": "Can add log entry", "content_type": 1, "codename": "add_logentry"}}, {"model": "auth.permission", "pk": 2, "fields": {"name": "Can change log entry", "content_type": 1, "codename": "change_logentry"}}, {"model": "auth.permission", "pk": 3, "fields": {"name": "Can delete log entry", "content_type": 1, "codename": "delete_logentry"}}, {"model": "auth.permission", "pk": 4, "fields": {"name": "Can view log entry", "content_type": 1, "codename": "view_logentry"}}, {"model": "auth.permission", "pk": 5, "fields": {"name": "Can add permission", "content_type": 2, "codename": "add_permission"}}, {"model": "auth.permission", "pk": 6, "fields": {"name": "Can change permission", "content_type": 2, "codename": "change_permission"}}, {"model": "auth.permission", "pk": 7, "fields": {"name": "Can delete permission", "content_type": 2, "codename": "delete_permission"}}, {"model": "auth.permission", "pk": 8, "fields": {"name": "Can view permission", "content_type": 2, "codename": "view_permission"}}, {"model": "auth.permission", "pk": 9, "fields": {"name": "Can add group", "content_type": 3, "codename": "add_group"}}, {"model": "auth.permission", "pk": 10, "fields": {"name": "Can change group", "content_type": 3, "codename": "change_group"}}, {"model": "auth.permission", "pk": 11, "fields": {"name": "Can delete group", "content_type": 3, "codename": "delete_group"}}, {"model": "auth.permission", "pk": 12, "fields": {"name": "Can view group", "content_type": 3, "codename": "view_group"}}, {"model": "auth.permission", "pk": 13, "fields": {"name": "Can add user", "content_type": 4, "codename": "add_user"}}, {"model": "auth.permission", "pk": 14, "fields": {"name": "Can change user", "content_type": 4, "codename": "change_user"}}, {"model": "auth.permission", "pk": 15, "fields": {"name": "Can delete user", "content_type": 4, "codename": "delete_user"}}, {"model": "auth.permission", "pk": 16, "fields": {"name": "Can view user", "content_type": 4, "codename": "view_user"}}, {"model": "auth.permission", "pk": 17, "fields": {"name": "Can add content type", "content_type": 5, "codename": "add_contenttype"}}, {"model": "auth.permission", "pk": 18, "fields": {"name": "Can change content type", "content_type": 5, "codename": "change_contenttype"}}, {"model": "auth.permission", "pk": 19, "fields": {"name": "Can delete content type", "content_type": 5, "codename": "delete_contenttype"}}, {"model": "auth.permission", "pk": 20, "fields": {"name": "Can view content type", "content_type": 5, "codename": "view_contenttype"}}, {"model": "auth.permission", "pk": 21, "fields": {"name": "Can add session", "content_type": 6, "codename": "add_session"}}, {"model": "auth.permission", "pk": 22, "fields": {"name": "Can change session", "content_type": 6, "codename": "change_session"}}, {"model": "auth.permission", "pk": 23, "fields": {"name": "Can delete session", "content_type": 6, "codename": "delete_session"}}, {"model": "auth.permission", "pk": 24, "fields": {"name": "Can view session", "content_type": 6, "codename": "view_session"}}, {"model": "auth.permission", "pk": 25, "fields": {"name": "Can add О себе", "content_type": 7, "codename": "add_aboutme"}}, {"model": "auth.permission", "pk": 26, "fields": {"name": "Can change О себе", "content_type": 7, "codename": "change_aboutme"}}, {"model": "auth.permission", "pk": 27, "fields": {"name": "Can delete О себе", "content_type": 7, "codename": "delete_aboutme"}}, {"model": "auth.permission", "pk": 28, "fields": {"name": "Can view О себе", "content_type": 7, "codename": "view_aboutme"}}, {"model": "auth.permission", "pk": 29, "fields": {"name": "Can add email send", "content_type": 8, "codename": "add_emailsend"}}, {"model": "auth.permission", "pk": 30, "fields": {"name": "Can change email send", "content_type": 8, "codename": "change_emailsend"}}, {"model": "auth.permission", "pk": 31, "fields": {"name": "Can delete email send", "content_type": 8, "codename": "delete_emailsend"}}, {"model": "auth.permission", "pk": 32, "fields": {"name": "Can view email send", "content_type": 8, "codename": "view_emailsend"}}, {"model": "auth.permission", "pk": 33, "fields": {"name": "Can add Почта", "content_type": 9, "codename": "add_emailsettings"}}, {"model": "auth.permission", "pk": 34, "fields": {"name": "Can change Почта", "content_type": 9, "codename": "change_emailsettings"}}, {"model": "auth.permission", "pk": 35, "fields": {"name": "Can delete Почта", "content_type": 9, "codename": "delete_emailsettings"}}, {"model": "auth.permission", "pk": 36, "fields": {"name": "Can view Почта", "content_type": 9, "codename": "view_emailsettings"}}, {"model": "auth.permission", "pk": 37, "fields": {"name": "Can add feedback", "content_type": 10, "codename": "add_feedback"}}, {"model": "auth.permission", "pk": 38, "fields": {"name": "Can change feedback", "content_type": 10, "codename": "change_feedback"}}, {"model": "auth.permission", "pk": 39, "fields": {"name": "Can delete feedback", "content_type": 10, "codename": "delete_feedback"}}, {"model": "auth.permission", "pk": 40, "fields": {"name": "Can view feedback", "content_type": 10, "codename": "view_feedback"}}, {"model": "auth.permission", "pk": 41, "fields": {"name": "Can add Курс", "content_type": 11, "codename": "add_myeducation"}}, {"model": "auth.permission", "pk": 42, "fields": {"name": "Can change Курс", "content_type": 11, "codename": "change_myeducation"}}, {"model": "auth.permission", "pk": 43, "fields": {"name": "Can delete Курс", "content_type": 11, "codename": "delete_myeducation"}}, {"model": "auth.permission", "pk": 44, "fields": {"name": "Can view Курс", "content_type": 11, "codename": "view_myeducation"}}, {"model": "auth.permission", "pk": 45, "fields": {"name": "Can add Стэк", "content_type": 12, "codename": "add_stack"}}, {"model": "auth.permission", "pk": 46, "fields": {"name": "Can change Стэк", "content_type": 12, "codename": "change_stack"}}, {"model": "auth.permission", "pk": 47, "fields": {"name": "Can delete Стэк", "content_type": 12, "codename": "delete_stack"}}, {"model": "auth.permission", "pk": 48, "fields": {"name": "Can view Стэк", "content_type": 12, "codename": "view_stack"}}, {"model": "auth.permission", "pk": 49, "fields": {"name": "Can add Посетитель", "content_type": 13, "codename": "add_uniqueip"}}, {"model": "auth.permission", "pk": 50, "fields": {"name": "Can change Посетитель", "content_type": 13, "codename": "change_uniqueip"}}, {"model": "auth.permission", "pk": 51, "fields": {"name": "Can delete Посетитель", "content_type": 13, "codename": "delete_uniqueip"}}, {"model": "auth.permission", "pk": 52, "fields": {"name": "Can view Посетитель", "content_type": 13, "codename": "view_uniqueip"}}, {"model": "auth.permission", "pk": 53, "fields": {"name": "Can add Проект", "content_type": 14, "codename": "add_project"}}, {"model": "auth.permission", "pk": 54, "fields": {"name": "Can change Проект", "content_type": 14, "codename": "change_project"}}, {"model": "auth.permission", "pk": 55, "fields": {"name": "Can delete Проект", "content_type": 14, "codename": "delete_project"}}, {"model": "auth.permission", "pk": 56, "fields": {"name": "Can view Проект", "content_type": 14, "codename": "view_project"}}, {"model": "auth.permission", "pk": 57, "fields": {"name": "Can add Карточка", "content_type": 15, "codename": "add_cardproject"}}, {"model": "auth.permission", "pk": 58, "fields": {"name": "Can change Карточка", "content_type": 15, "codename": "change_cardproject"}}, {"model": "auth.permission", "pk": 59, "fields": {"name": "Can delete Карточка", "content_type": 15, "codename": "delete_cardproject"}}, {"model": "auth.permission", "pk": 60, "fields": {"name": "Can view Карточка", "content_type": 15, "codename": "view_cardproject"}}, {"model": "auth.permission", "pk": 61, "fields": {"name": "Can add Профиль", "content_type": 16, "codename": "add_profile"}}, {"model": "auth.permission", "pk": 62, "fields": {"name": "Can change Профиль", "content_type": 16, "codename": "change_profile"}}, {"model": "auth.permission", "pk": 63, "fields": {"name": "Can delete Профиль", "content_type": 16, "codename": "delete_profile"}}, {"model": "auth.permission", "pk": 64, "fields": {"name": "Can view Профиль", "content_type": 16, "codename": "view_profile"}}, {"model": "auth.permission", "pk": 65, "fields": {"name": "Can add Категория", "content_type": 17, "codename": "add_category"}}, {"model": "auth.permission", "pk": 66, "fields": {"name": "Can change Категория", "content_type": 17, "codename": "change_category"}}, {"model": "auth.permission", "pk": 67, "fields": {"name": "Can delete Категория", "content_type": 17, "codename": "delete_category"}}, {"model": "auth.permission", "pk": 68, "fields": {"name": "Can view Категория", "content_type": 17, "codename": "view_category"}}, {"model": "auth.permission", "pk": 69, "fields": {"name": "Can add Пост", "content_type": 18, "codename": "add_post"}}, {"model": "auth.permission", "pk": 70, "fields": {"name": "Can change Пост", "content_type": 18, "codename": "change_post"}}, {"model": "auth.permission", "pk": 71, "fields": {"name": "Can delete Пост", "content_type": 18, "codename": "delete_post"}}, {"model": "auth.permission", "pk": 72, "fields": {"name": "Can view Пост", "content_type": 18, "codename": "view_post"}}, {"model": "auth.permission", "pk": 73, "fields": {"name": "Can add comments post", "content_type": 19, "codename": "add_commentspost"}}, {"model": "auth.permission", "pk": 74, "fields": {"name": "Can change comments post", "content_type": 19, "codename": "change_commentspost"}}, {"model": "auth.permission", "pk": 75, "fields": {"name": "Can delete comments post", "content_type": 19, "codename": "delete_commentspost"}}, {"model": "auth.permission", "pk": 76, "fields": {"name": "Can view comments post", "content_type": 19, "codename": "view_commentspost"}}, {"model": "auth.permission", "pk": 77, "fields": {"name": "Can add Тест", "content_type": 20, "codename": "add_quiz"}}, {"model": "auth.permission", "pk": 78, "fields": {"name": "Can change Тест", "content_type": 20, "codename": "change_quiz"}}, {"model": "auth.permission", "pk": 79, "fields": {"name": "Can delete Тест", "content_type": 20, "codename": "delete_quiz"}}, {"model": "auth.permission", "pk": 80, "fields": {"name": "Can view Тест", "content_type": 20, "codename": "view_quiz"}}, {"model": "auth.permission", "pk": 81, "fields": {"name": "Can add Вопрос", "content_type": 21, "codename": "add_question"}}, {"model": "auth.permission", "pk": 82, "fields": {"name": "Can change Вопрос", "content_type": 21, "codename": "change_question"}}, {"model": "auth.permission", "pk": 83, "fields": {"name": "Can delete Вопрос", "content_type": 21, "codename": "delete_question"}}, {"model": "auth.permission", "pk": 84, "fields": {"name": "Can view Вопрос", "content_type": 21, "codename": "view_question"}}, {"model": "auth.permission", "pk": 85, "fields": {"name": "Can add Ответ", "content_type": 22, "codename": "add_answer"}}, {"model": "auth.permission", "pk": 86, "fields": {"name": "Can change Ответ", "content_type": 22, "codename": "change_answer"}}, {"model": "auth.permission", "pk": 87, "fields": {"name": "Can delete Ответ", "content_type": 22, "codename": "delete_answer"}}, {"model": "auth.permission", "pk": 88, "fields": {"name": "Can view Ответ", "content_type": 22, "codename": "view_answer"}}, {"model": "auth.permission", "pk": 89, "fields": {"name": "Can add Категория", "content_type": 23, "codename": "add_categoryblog"}}, {"model": "auth.permission", "pk": 90, "fields": {"name": "Can change Категория", "content_type": 23, "codename": "change_categoryblog"}}, {"model": "auth.permission", "pk": 91, "fields": {"name": "Can delete Категория", "content_type": 23, "codename": "delete_categoryblog"}}, {"model": "auth.permission", "pk": 92, "fields": {"name": "Can view Категория", "content_type": 23, "codename": "view_categoryblog"}}, {"model": "auth.permission", "pk": 93, "fields": {"name": "Can add Пост", "content_type": 24, "codename": "add_postblog"}}, {"model": "auth.permission", "pk": 94, "fields": {"name": "Can change Пост", "content_type": 24, "codename": "change_postblog"}}, {"model": "auth.permission", "pk": 95, "fields": {"name": "Can delete Пост", "content_type": 24, "codename": "delete_postblog"}}, {"model": "auth.permission", "pk": 96, "fields": {"name": "Can view Пост", "content_type": 24, "codename": "view_postblog"}}, {"model": "auth.permission", "pk": 97, "fields": {"name": "Can add comments post blog", "content_type": 25, "codename": "add_commentspostblog"}}, {"model": "auth.permission", "pk": 98, "fields": {"name": "Can change comments post blog", "content_type": 25, "codename": "change_commentspostblog"}}, {"model": "auth.permission", "pk": 99, "fields": {"name": "Can delete comments post blog", "content_type": 25, "codename": "delete_commentspostblog"}}, {"model": "auth.permission", "pk": 100, "fields": {"name": "Can view comments post blog", "content_type": 25, "codename": "view_commentspostblog"}}, {"model": "auth.permission", "pk": 101, "fields": {"name": "Can add custom user", "content_type": 26, "codename": "add_customuser"}}, {"model": "auth.permission", "pk": 102, "fields": {"name": "Can change custom user", "content_type": 26, "codename": "change_customuser"}}, {"model": "auth.permission", "pk": 103, "fields": {"name": "Can delete custom user", "content_type": 26, "codename": "delete_customuser"}}, {"model": "auth.permission", "pk": 104, "fields": {"name": "Can view custom user", "content_type": 26, "codename": "view_customuser"}}, {"model": "auth.permission", "pk": 105, "fields": {"name": "Can add task result", "content_type": 27, "codename": "add_taskresult"}}, {"model": "auth.permission", "pk": 106, "fields": {"name": "Can change task result", "content_type": 27, "codename": "change_taskresult"}}, {"model": "auth.permission", "pk": 107, "fields": {"name": "Can delete task result", "content_type": 27, "codename": "delete_taskresult"}}, {"model": "auth.permission", "pk": 108, "fields": {"name": "Can view task result", "content_type": 27, "codename": "view_taskresult"}}, {"model": "auth.permission", "pk": 109, "fields": {"name": "Can add chord counter", "content_type": 28, "codename": "add_chordcounter"}}, {"model": "auth.permission", "pk": 110, "fields": {"name": "Can change chord counter", "content_type": 28, "codename": "change_chordcounter"}}, {"model": "auth.permission", "pk": 111, "fields": {"name": "Can delete chord counter", "content_type": 28, "codename": "delete_chordcounter"}}, {"model": "auth.permission", "pk": 112, "fields": {"name": "Can view chord counter", "content_type": 28, "codename": "view_chordcounter"}}, {"model": "auth.permission", "pk": 113, "fields": {"name": "Can add group result", "content_type": 29, "codename": "add_groupresult"}}, {"model": "auth.permission", "pk": 114, "fields": {"name": "Can change group result", "content_type": 29, "codename": "change_groupresult"}}, {"model": "auth.permission", "pk": 115, "fields": {"name": "Can delete group result", "content_type": 29, "codename": "delete_groupresult"}}, {"model": "auth.permission", "pk": 116, "fields": {"name": "Can view group result", "content_type": 29, "codename": "view_groupresult"}}, {"model": "auth.user", "pk": 1, "fields": {"password": "pbkdf2_sha256$600000$7tq4reDBWeZ9Bhu2e5fsud$YCt6gxS3eZhnHRD1fYYC7pUochYQbzUcQWkt6TPx2pk=", "last_login": "2024-01-27T17:55:41.181Z", "is_superuser": true, "username": "admin", "first_name": "", "last_name": "", "email": "", "is_staff": true, "is_active": true, "date_joined": "2024-01-26T09:28:42.607Z", "groups": [], "user_permissions": []}}, {"model": "auth.user", "pk": 2, "fields": {"password": "pbkdf2_sha256$600000$zauMz2Mwq8XreiuEw6YPLf$7Z8XBtXZm/7J2ZWCLcNnXqaATFbU+zAYvFa8PuoUu5I=", "last_login": null, "is_superuser": false, "username": "sstring", "first_name": "", "last_name": "", "email": "uss1er@example.com", "is_staff": false, "is_active": true, "date_joined": "2024-01-27T23:00:03.946Z", "groups": [], "user_permissions": []}}, {"model": "auth.user", "pk": 3, "fields": {"password": "pbkdf2_sha256$600000$gL2SKRz5Huwqs7j83H3WNA$MDCI4ouPYPortEXed2Q28nC8whd6nj3ejUmrT9rUyMo=", "last_login": null, "is_superuser": false, "username": "s1string", "first_name": "", "last_name": "", "email": "uss11er@example.com", "is_staff": false, "is_active": true, "date_joined": "2024-01-28T07:33:31.442Z", "groups": [], "user_permissions": []}}, {"model": "contenttypes.contenttype", "pk": 1, "fields": {"app_label": "admin", "model": "logentry"}}, {"model": "contenttypes.contenttype", "pk": 2, "fields": {"app_label": "auth", "model": "permission"}}, {"model": "contenttypes.contenttype", "pk": 3, "fields": {"app_label": "auth", "model": "group"}}, {"model": "contenttypes.contenttype", "pk": 4, "fields": {"app_label": "auth", "model": "user"}}, {"model": "contenttypes.contenttype", "pk": 5, "fields": {"app_label": "contenttypes", "model": "contenttype"}}, {"model": "contenttypes.contenttype", "pk": 6, "fields": {"app_label": "sessions", "model": "session"}}, {"model": "contenttypes.contenttype", "pk": 7, "fields": {"app_label": "resume", "model": "aboutme"}}, {"model": "contenttypes.contenttype", "pk": 8, "fields": {"app_label": "resume", "model": "emailsend"}}, {"model": "contenttypes.contenttype", "pk": 9, "fields": {"app_label": "resume", "model": "emailsettings"}}, {"model": "contenttypes.contenttype", "pk": 10, "fields": {"app_label": "resume", "model": "feedback"}}, {"model": "contenttypes.contenttype", "pk": 11, "fields": {"app_label": "resume", "model": "myeducation"}}, {"model": "contenttypes.contenttype", "pk": 12, "fields": {"app_label": "resume", "model": "stack"}}, {"model": "contenttypes.contenttype", "pk": 13, "fields": {"app_label": "resume", "model": "uniqueip"}}, {"model": "contenttypes.contenttype", "pk": 14, "fields": {"app_label": "resume", "model": "project"}}, {"model": "contenttypes.contenttype", "pk": 15, "fields": {"app_label": "resume", "model": "cardproject"}}, {"model": "contenttypes.contenttype", "pk": 16, "fields": {"app_label": "user_app", "model": "profile"}}, {"model": "contenttypes.contenttype", "pk": 17, "fields": {"app_label": "mptt_blog", "model": "category"}}, {"model": "contenttypes.contenttype", "pk": 18, "fields": {"app_label": "mptt_blog", "model": "post"}}, {"model": "contenttypes.contenttype", "pk": 19, "fields": {"app_label": "mptt_blog", "model": "commentspost"}}, {"model": "contenttypes.contenttype", "pk": 20, "fields": {"app_label": "quiz", "model": "quiz"}}, {"model": "contenttypes.contenttype", "pk": 21, "fields": {"app_label": "quiz", "model": "question"}}, {"model": "contenttypes.contenttype", "pk": 22, "fields": {"app_label": "quiz", "model": "answer"}}, {"model": "contenttypes.contenttype", "pk": 23, "fields": {"app_label": "mptt_blog_api", "model": "categoryblog"}}, {"model": "contenttypes.contenttype", "pk": 24, "fields": {"app_label": "mptt_blog_api", "model": "postblog"}}, {"model": "contenttypes.contenttype", "pk": 25, "fields": {"app_label": "mptt_blog_api", "model": "commentspostblog"}}, {"model": "contenttypes.contenttype", "pk": 26, "fields": {"app_label": "verification_phone_api", "model": "customuser"}}, {"model": "contenttypes.contenttype", "pk": 27, "fields": {"app_label": "django_celery_results", "model": "taskresult"}}, {"model": "contenttypes.contenttype", "pk": 28, "fields": {"app_label": "django_celery_results", "model": "chordcounter"}}, {"model": "contenttypes.contenttype", "pk": 29, "fields": {"app_label": "django_celery_results", "model": "groupresult"}}, {"model": "sessions.session", "pk": "ps8u7k87a4bpbtfsqww5rxxnm5ilvsyc", "fields": {"session_data": ".eJxVjEEOwiAQRe_C2hCmdABduvcMZJgBWzUlKe3KeHdD0oVu_3vvv1WkfZvi3vIaZ1EXBer0uyXiZ146kAct96q5Lts6J90VfdCmb1Xy63q4fwcTtanX2WMpXoCMGSwxiBvOCYKxXnJySAgOcLScXPDAgiNSMOwIvS9sjfp8AeNbN5E:1rTR1c:mU1bgWfgwX7OeExEuNNrLiPUWwDv9JWo_jlm1zwf414", "expire_date": "2024-02-25T18:34:00.802Z"}}, {"model": "sessions.session", "pk": "uvcsgg91tf0v0shlq8wb5t7joxodvqyi", "fields": {"session_data": ".eJxNjMEKgzAQRH8lzFlhs-olv9IWCTFKITXQNSfJv7cbL14eb2aWPVEkfmeJIu-8z0deMtwJJqaepp5Ykw9H8Qnu8eoQUpZ4qaSywd1vO-z-81_xLDSyVY6DcrA3xtZzczLERs2GK7dtNfoUtdYf9zYtYg:1rTrc1:xya6Zb_j_nYdA2emKix2UKspj4dZ_D0iOGTk-Z_j8j8", "expire_date": "2024-02-26T22:57:21.718Z"}}, {"model": "sessions.session", "pk": "yf619kdfd14wjjjngwku4p5znhk6q2w7", "fields": {"session_data": ".eJxVUdtuwyAM_ZWK51wMuS6Pe98XbBNygCSsCUSBTOqq_vsg3aRWSNaxj31sHa5kd2rjTjmnreHeSku6K2HAIIUqBRYzFH7HmXTvxPlNm5F8JkTM1qlQCtDN-0i6x5mEGFwCSz52KBmNsSxiLOhDVEedHRhOwE4RUXHPD244RVFyuyWE4-4nfhyrZVCm5KnWozgrEwn5hWa0mbAm3NpnsSX7Y132ZqWaX_96nwQmdFOcVk01DI2kCMAKFFTW7KWnLRSNVH1dYUVrWpWF6Ou2oUJWZYUtiBqrphlEAUH00dDo3rrZQc-Kr5v61nZ3fEUfV03er12eU9ZkEB7tWgDIl9V73s92zJf956LPmM_otbHBzy1kxp3xguk_R27P-7haUM9x6wG4sLvxpGMJkejV_ZPKFGjKmuDqL1EKof8:1rTnwL:EJBS22OXo9NM_fnUKgS8LQnvOcrW508dwZmLgm1XWns", "expire_date": "2024-02-26T19:02:05.980Z"}}, {"model": "resume.aboutme", "pk": 1, "fields": {"text": "<p><strong>Python:</strong></p>\r\n\r\n<p>Хороший уровень владения Python.</p>\r\n\r\n<p><strong>Django:</strong></p>\r\n\r\n<p>Опыт разработки и проектирования веб-приложений с использованием Django.</p>\r\n\r\n<p><strong>Celery :</strong></p>\r\n\r\n<p>Реализация фоновых задач с помощью Celery .</p>\r\n\r\n<p><strong>RestAPI:</strong></p>\r\n\r\n<p>Проектирование и создание API с учетом паттернов проектирования.</p>\r\n\r\n<p><strong>Фронтенд:</strong></p>\r\n\r\n<p>Знание HTML, CSS и опыт работы с Bootstrap.</p>\r\n\r\n<p><strong>Деплой и инфраструктура:</strong></p>\r\n\r\n<p>Опыт развертывания Django проектов с использованием сокетов, Nginx, Gunicorn и др.</p>\r\n\r\n<p>Знание Linux и опыт работы с ним, включая использование командной строки и инструментов.</p>\r\n\r\n<p><strong>Навыки в коммуникации и сотрудничестве:</strong></p>\r\n\r\n<p>Опыт работы в команде и эффективное взаимодействие с коллегами и клиентами.</p>\r\n\r\n<p>Ответственное отношение к задачам, точность и внимание к деталям.</p>", "phone": "x-x-x-x-x-x-x-x", "city": "Москва -Волгоград", "mail": "nocehv1@mail.ru", "name": "Дмитрий", "education_my": "_", "link_HH": "https://volgograd.hh.ru/resume/46cd07c7ff099f96d10039ed1f6d446d754263"}}, {"model": "resume.stack", "pk": 1, "fields": {"name": "Django", "slug": "django"}}, {"model": "resume.stack", "pk": 2, "fields": {"name": "Python", "slug": "python"}}, {"model": "resume.stack", "pk": 3, "fields": {"name": "Postgres", "slug": "postgres"}}, {"model": "resume.stack", "pk": 4, "fields": {"name": "Ajax", "slug": "ajax"}}, {"model": "resume.stack", "pk": 5, "fields": {"name": "Bootstrap", "slug": "bootstrap"}}, {"model": "resume.stack", "pk": 6, "fields": {"name": "CSS", "slug": "css"}}, {"model": "resume.stack", "pk": 7, "fields": {"name": "Celery", "slug": "celery"}}, {"model": "resume.stack", "pk": 8, "fields": {"name": "Redis", "slug": "redis"}}, {"model": "resume.stack", "pk": 9, "fields": {"name": "REST framework", "slug": "django-rest-framewor"}}, {"model": "resume.stack", "pk": 10, "fields": {"name": "Docker", "slug": "docker"}}, {"model": "resume.project", "pk": 1, "fields": {"slug": "blog", "name": "Блог", "about": "Блог для обсуждения любых тем и создание постов, комментариев, like, добавление в избранное.", "image": "default_project.png", "status": "False", "link_git": "https://github.com/Dmitrii-ru/resume_/tree/main/mptt_blog", "link_site": "mptt_blog/", "api": null, "stacks": [1, 2, 3, 4, 5, 6]}}, {"model": "resume.project", "pk": 2, "fields": {"slug": "kviz", "name": "Квиз", "about": "Прохождение тестов, получение результатов, форм", "image": "default_project.png", "status": "True", "link_git": "https://github.com/Dmitrii-ru/resume_/tree/main/quiz", "link_site": "quiz/", "api": null, "stacks": [1, 2, 3, 5, 6]}}, {"model": "resume.project", "pk": 4, "fields": {"slug": "rezyume", "name": "Резюме", "about": "Предоставление информации о соискателе и его проектах, список дел на день.", "image": "default_project.png", "status": "True", "link_git": "https://github.com/Dmitrii-ru/resume_/tree/main/resume", "link_site": "/", "api": "api/resume/docs/", "stacks": [1, 2, 3, 5, 6, 7, 8, 9, 10, 4]}}, {"model": "resume.project", "pk": 5, "fields": {"slug": "prilozhenie-avtorizatsii", "name": "Приложение Авторизации", "about": "Авторизация пользователя, восстановление пароля, аутентификация пользователя", "image": "default_project.png", "status": "True", "link_git": "https://github.com/Dmitrii-ru/resume_/tree/main/user_app", "link_site": "user/login/", "api": "api/user_app/docs/", "stacks": [1, 2, 3, 5, 6, 9]}}, {"model": "resume.project", "pk": 6, "fields": {"slug": "referalnaya-sistema", "name": "Реферальная система", "about": "Регистрация пользователя на основании invite приглашения.", "image": "default_project.png", "status": "True", "link_git": "https://github.com/Dmitrii-ru/resume_/tree/main/verification_phone_api", "link_site": null, "api": "api/verification_phone/docs/", "stacks": [8, 1, 2, 9]}}, {"model": "resume.cardproject", "pk": 1, "fields": {"project": 1, "title": "Функционал", "text": "<ul>\r\n\t<li>Авторизация пользователя.</li>\r\n\t<li>CRUD тем и постов, проверка прав.</li>\r\n\t<li>Библиотека MPTT, древовидной структура экземпляров модели, контроль уникальности название темы на одном уровне.</li>\r\n\t<li>Оптимизация запросов к базе данных.</li>\r\n\t<li>Создание slug темы как path из родителей.</li>\r\n\t<li>Хлебные крошки.</li>\r\n</ul>"}}, {"model": "resume.cardproject", "pk": 2, "fields": {"project": 2, "title": "Функциональные части сервиса", "text": "<ul>\r\n\t<li>Регистрация пользователей.</li>\r\n\t<li>Аутентификация пользователей.</li>\r\n\t<li>Зарегистрированные пользователи могут проходить любой из тестовых наборов.</li>\r\n\t<li>Последовательный ответ на все вопросы, каждый вопрос должен выводится на новой странице с отправкой формы (перескакивать через тесты или оставлять неотмеченными нельзя).</li>\r\n\t<li>Не последовательный ответ на все вопросы, можно изменять ответы и передвигаться по вопросам.</li>\r\n</ul>"}}, {"model": "resume.cardproject", "pk": 3, "fields": {"project": 2, "title": "После завершения тестирования", "text": "<ul>\r\n\t<li>Количество правильных/неправильных ответов.</li>\r\n\t<li>Процент правильных ответов.</li>\r\n\t<li>Пройти снова.</li>\r\n</ul>"}}, {"model": "resume.cardproject", "pk": 4, "fields": {"project": 2, "title": "Админка. Стандартная админка Django. Раз", "text": "<ul>\r\n\t<li>Стандартный раздел пользователей.</li>\r\n\t<li>Раздел с наборами тестов.</li>\r\n\t<li>Возможность на странице набора тестов добавлять вопросы/ответы к вопросам/отмечать правильные ответы.</li>\r\n\t<li>Валидация на то, что должен быть хотя бы 1 правильный вариант.</li>\r\n\t<li>Валидация на то, что все варианты не могут быть правильными.</li>\r\n\t<li>Удаление вопросов/вариантов ответов/изменение правильных решений при редактировании тестового набора.</li>\r\n</ul>"}}, {"model": "resume.cardproject", "pk": 5, "fields": {"project": 4, "title": "Информации о соискателе", "text": "<ul>\r\n\t<li>Отображение информации о соискателе.</li>\r\n\t<li>Отправка письма со ссылкой на сайт резюме, и отправка повторно письма через 3 дня.\r\n\t<ul>\r\n\t\t<li>Отправка письма происходит по настройкам из базы данных.</li>\r\n\t</ul>\r\n\t</li>\r\n\t<li>Список проектов.\r\n\t<ul>\r\n\t\t<li>Описание проекта, применяемые технологии, ссылка на сервисы.</li>\r\n\t</ul>\r\n\t</li>\r\n\t<li>Список технологий.\r\n\t<ul>\r\n\t\t<li>Фильтрация проектов по технологиям.</li>\r\n\t</ul>\r\n\t</li>\r\n</ul>"}}, {"model": "resume.cardproject", "pk": 6, "fields": {"project": 4, "title": "Todo session", "text": "<ul>\r\n\t<li>Хранения данных в session.</li>\r\n\t<li>Отображение календаря на месяц, перемещение по месяцам.\r\n\t<ul>\r\n\t\t<li>Валидация дат и дубликатов todo.</li>\r\n\t</ul>\r\n\t</li>\r\n\t<li>Список актуальный todo и заверенных, изменения статуса todo.</li>\r\n\t<li>Удаление todo.</li>\r\n</ul>"}}, {"model": "resume.cardproject", "pk": 7, "fields": {"project": 5, "title": "Функционал", "text": "<ul>\r\n\t<li>Авторизация пользователя.</li>\r\n\t<li>Восстановление пароля:\r\n\t<ul>\r\n\t\t<li>Получение ссылки для восстановления.</li>\r\n\t\t<li>Получение настроек почти из базы данных.</li>\r\n\t</ul>\r\n\t</li>\r\n\t<li>Аутентификация пользователя.</li>\r\n</ul>"}}, {"model": "resume.cardproject", "pk": 8, "fields": {"project": 6, "title": "Функционал", "text": "<p>&nbsp;</p>\r\n\r\n<ul>\r\n\t<li>Авторизация по номеру телефона. Первый запрос на ввод номера телефона. Имитировать отправку 4хзначного кода авторизации(задержку на сервере 1-2 сек). Второй запрос на ввод кода</li>\r\n\t<li>Если пользователь ранее не авторизовывался, то записать его в бд</li>\r\n\t<li>Запрос на профиль пользователя</li>\r\n\t<li>Пользователю нужно при первой авторизации нужно присвоить рандомно сгенерированный 6-значный инвайт-код(цифры и символы)</li>\r\n\t<li>В профиле у пользователя должна быть возможность ввести чужой инвайт-код(при вводе проверять на существование). В своем профиле можно активировать только 1 инвайт код, если пользователь уже когда-то активировал инвайт код, то нужно выводить его в соответсвующем поле в запросе на профиль пользователя</li>\r\n\t<li>В API профиля должен выводиться список пользователей(номеров телефона), которые ввели инвайт код текущего пользователя.</li>\r\n</ul>"}}, {"model": "resume.cardproject", "pk": 9, "fields": {"project": 1, "title": "В процессе", "text": "<ul>\r\n\t<li>Дописать API + Swagger</li>\r\n</ul>"}}, {"model": "resume.emailsettings", "pk": 1, "fields": {"host_email": "12312", "name_email": "3123123", "password_email": "1231231", "port_email": 2312312, "is_active": false}}, {"model": "resume.feedback", "pk": 1, "fields": {"title": "", "text": "stringstri", "date": "2024-01-26"}}, {"model": "resume.feedback", "pk": 2, "fields": {"title": "", "text": "stringstri", "date": "2024-01-26"}}, {"model": "resume.feedback", "pk": 3, "fields": {"title": "", "text": "Hello Hello Hello", "date": "2024-01-27"}}, {"model": "resume.feedback", "pk": 4, "fields": {"title": "", "text": "Hello Hello Hello", "date": "2024-01-27"}}, {"model": "user_app.profile", "pk": 1, "fields": {"user": 1, "img": "default_user.png", "create": "2024-01-26T09:28:42.842Z", "reset_password": false}}, {"model": "user_app.profile", "pk": 2, "fields": {"user": 2, "img": "default_user.png", "create": "2024-01-27T23:00:04.172Z", "reset_password": false}}, {"model": "user_app.profile", "pk": 3, "fields": {"user": 3, "img": "default_user.png", "create": "2024-01-28T07:33:31.683Z", "reset_password": false}}, {"model": "mptt_blog.post", "pk": 1, "fields": {"title": "Этимология и семантика", "category": 1, "content": "<p>В отличие от аналогов в романских языках:&nbsp;<a href=\"https://ru.wikipedia.org/wiki/%D0%90%D0%BD%D0%B3%D0%BB%D0%B8%D0%B9%D1%81%D0%BA%D0%B8%D0%B9_%D1%8F%D0%B7%D1%8B%D0%BA\" title=\"Английский язык\">англ.</a>&nbsp;art,&nbsp;<a href=\"https://ru.wikipedia.org/wiki/%D0%A4%D1%80%D0%B0%D0%BD%D1%86%D1%83%D0%B7%D1%81%D0%BA%D0%B8%D0%B9_%D1%8F%D0%B7%D1%8B%D0%BA\" title=\"Французский язык\">фр.</a>&nbsp;art,&nbsp;<a href=\"https://ru.wikipedia.org/wiki/%D0%98%D1%82%D0%B0%D0%BB%D1%8C%D1%8F%D0%BD%D1%81%D0%BA%D0%B8%D0%B9_%D1%8F%D0%B7%D1%8B%D0%BA\" title=\"Итальянский язык\">итал.</a>&nbsp;arte&nbsp;и&nbsp;<a href=\"https://ru.wikipedia.org/wiki/%D0%9D%D0%B5%D0%BC%D0%B5%D1%86%D0%BA%D0%B8%D0%B9_%D1%8F%D0%B7%D1%8B%D0%BA\" title=\"Немецкий язык\">нем.</a>&nbsp;Kunst&nbsp;&mdash; русское слово искусство имеет более широкий спектр значений: умение, мастерство, художество, артистизм, искусство. Постепенно в процессе исторического развития и дифференциации значений слов в русском языке появился термин художественный (в смысле &laquo;сведущий, ловкий, опытный&raquo;, от готск. handags&nbsp;&mdash; ловкий, мудрый; handus&nbsp;&mdash; рука). В романских языках и соответственно в западноевропейском искусствознании отсутствует разделение на &laquo;искусство&raquo; и &laquo;художество&raquo;, с чем связаны сложности перевода терминов с одного языка на другой. Искусство, художество, умение, мастерство, артистизм, как правило, переводятся одинаково (англ., фр. art, итал. arte, нем. Kunst). И это несмотря на то, что существуют возможности нюансирования значений с помощью близких понятий, например, &laquo;умение, мастерство, навык, сноровка&raquo; (англ. skill, фр. comp&eacute;tence, итал. maestria, abilit&agrave;, нем. Fertigkeit), а также &laquo;ремесло, ручная работа&raquo; (англ. handicraft, arts and crafts, фр. artisanat, ma&icirc;trise, m&eacute;tier).</p>", "author": 1, "is_privat": false, "like_count": 1, "is_fav": false, "created": "2024-01-27T18:44:49.961Z", "updated": "2024-01-27T18:46:40.738Z", "favourites": [1], "likes": [1]}}, {"model": "mptt_blog.post", "pk": 2, "fields": {"title": "Отношения понятий: искусство, эстетическая и художественная деятельность", "category": 1, "content": "<p>Исторически, в индивидуальной и общественной жизни, сложилось так, что искусный мастер: (<a href=\"https://ru.wikipedia.org/wiki/%D0%9B%D0%B0%D1%82%D0%B8%D0%BD%D1%81%D0%BA%D0%B8%D0%B9_%D1%8F%D0%B7%D1%8B%D0%BA\" title=\"Латинский язык\">лат.</a>&nbsp;Homo faber&nbsp;&mdash; человек созидающий) может быть ремесленником, техником, творчески мыслящим изобретателем, но не создающим художественные образы. Другое дело (<a href=\"https://ru.wikipedia.org/wiki/%D0%9B%D0%B0%D1%82%D0%B8%D0%BD%D1%81%D0%BA%D0%B8%D0%B9_%D1%8F%D0%B7%D1%8B%D0%BA\" title=\"Латинский язык\">лат.</a>&nbsp;Homo artifex)&nbsp;&mdash; художник, творец, по определению&nbsp;<a href=\"https://ru.wikipedia.org/wiki/%D0%9A%D0%B0%D0%B3%D0%B0%D0%BD,_%D0%9C%D0%BE%D0%B8%D1%81%D0%B5%D0%B9_%D0%A1%D0%B0%D0%BC%D0%BE%D0%B9%D0%BB%D0%BE%D0%B2%D0%B8%D1%87\" title=\"Каган, Моисей Самойлович\">М.&nbsp;С.&nbsp;Кагана</a>, с помощью художественной деятельности &laquo;удваивающий себя в образной модели&raquo; и в материале того или иного вида искусства. Образное мышление &laquo;побуждает удвоить переживаемый объект так, чтобы в нём был запечатлён сам художник&raquo;<a href=\"https://ru.wikipedia.org/wiki/%D0%98%D1%81%D0%BA%D1%83%D1%81%D1%81%D1%82%D0%B2%D0%BE#cite_note-ReferenceA-13\">[13]</a>. Таким образом, понятие искусства становится предельно широким, включающим в себя художественное творчество как один из &laquo;способов искусства&raquo;. Понятия &laquo;эстетическое&raquo; и &laquo;художественное&raquo; нельзя синонимизировать либо расценивать художественное только как &laquo;высшее проявление эстетического&raquo;. Художественный образ всегда конкретен, индивидуален (субъективен) и эмоционален. В искусной материальной работе&nbsp;&mdash; простом ремесле, образная модель, как правило, не возникает. Эстетическая деятельность не производит художественных образов, а только гармонизирует существующие в действительности объекты и их мыслительные модели. Художественное произведение может находиться в сфере эстетического лишь частично или совсем выходить за его пределы, а эстетическая деятельность, в свою очередь,&nbsp;&mdash; не совпадать с художественной. Так, например, собирание цветных камешков на берегу моря или расстановка мебели в комнате, развеска картин по стенам представляют собой эстетическую, но не художественную деятельность. Человек при этом, заботясь о красоте, не становится художником<a href=\"https://ru.wikipedia.org/wiki/%D0%98%D1%81%D0%BA%D1%83%D1%81%D1%81%D1%82%D0%B2%D0%BE#cite_note-14\">[14]</a>.</p>", "author": 1, "is_privat": false, "like_count": 1, "is_fav": false, "created": "2024-01-27T18:45:38.447Z", "updated": "2024-01-27T18:46:24.783Z", "favourites": [], "likes": [1]}}, {"model": "mptt_blog.post", "pk": 3, "fields": {"title": "Определение Латиноамерика́нская му́зыка", "category": 3, "content": "<p><em>Латиноамерика́нская му́зыка</em>&nbsp;(<a href=\"https://ru.wikipedia.org/wiki/%D0%98%D1%81%D0%BF%D0%B0%D0%BD%D1%81%D0%BA%D0%B8%D0%B9_%D1%8F%D0%B7%D1%8B%D0%BA\" title=\"Испанский язык\">исп.</a>&nbsp;<em>m&uacute;sica latinoamericana</em>)&nbsp;&mdash; обобщённое название музыкальных стилей и жанров стран&nbsp;<a href=\"https://ru.wikipedia.org/wiki/%D0%9B%D0%B0%D1%82%D0%B8%D0%BD%D1%81%D0%BA%D0%B0%D1%8F_%D0%90%D0%BC%D0%B5%D1%80%D0%B8%D0%BA%D0%B0\" title=\"Латинская Америка\">Латинской Америки</a>, а также музыка выходцев из этих стран, компактно проживающих на территории других государств и образующих большие&nbsp;<a href=\"https://ru.wikipedia.org/wiki/%D0%9B%D0%B0%D1%82%D0%B8%D0%BD%D0%BE%D0%B0%D0%BC%D0%B5%D1%80%D0%B8%D0%BA%D0%B0%D0%BD%D1%86%D1%8B\" title=\"Латиноамериканцы\">латиноамериканские</a>&nbsp;сообщества (например, в&nbsp;<a href=\"https://ru.wikipedia.org/wiki/%D0%A1%D0%A8%D0%90\" title=\"США\">США</a>). Является сплавом многих музыкальных культур, однако её основу составляют три компонента:&nbsp;<a href=\"https://ru.wikipedia.org/wiki/%D0%98%D1%81%D0%BF%D0%B0%D0%BD%D0%B8%D1%8F\" title=\"Испания\">испанская</a>&nbsp;(либо&nbsp;<a href=\"https://ru.wikipedia.org/wiki/%D0%9F%D0%BE%D1%80%D1%82%D1%83%D0%B3%D0%B0%D0%BB%D0%B8%D1%8F\" title=\"Португалия\">португальская</a>),&nbsp;<a href=\"https://ru.wikipedia.org/wiki/%D0%90%D1%84%D1%80%D0%B8%D0%BA%D0%B0\" title=\"Африка\">африканская</a>&nbsp;и&nbsp;<a href=\"https://ru.wikipedia.org/wiki/%D0%98%D0%BD%D0%B4%D0%B5%D0%B9%D1%86%D1%8B\" title=\"Индейцы\">индейская</a>&nbsp;музыкальные культуры. Как правило, латиноамериканские песни исполняются на&nbsp;<a href=\"https://ru.wikipedia.org/wiki/%D0%98%D1%81%D0%BF%D0%B0%D0%BD%D1%81%D0%BA%D0%B8%D0%B9_%D1%8F%D0%B7%D1%8B%D0%BA\" title=\"Испанский язык\">испанском</a>&nbsp;или&nbsp;<a href=\"https://ru.wikipedia.org/wiki/%D0%9F%D0%BE%D1%80%D1%82%D1%83%D0%B3%D0%B0%D0%BB%D1%8C%D1%81%D0%BA%D0%B8%D0%B9_%D1%8F%D0%B7%D1%8B%D0%BA\" title=\"Португальский язык\">португальском</a>&nbsp;языках, реже&nbsp;&mdash; на&nbsp;<a href=\"https://ru.wikipedia.org/wiki/%D0%A4%D1%80%D0%B0%D0%BD%D1%86%D1%83%D0%B7%D1%81%D0%BA%D0%B8%D0%B9_%D1%8F%D0%B7%D1%8B%D0%BA\" title=\"Французский язык\">французском</a>. В разговорной речи часто используется сокращённое название &laquo;латинская музыка&raquo;, &laquo;латина&raquo; (<a href=\"https://ru.wikipedia.org/wiki/%D0%98%D1%81%D0%BF%D0%B0%D0%BD%D1%81%D0%BA%D0%B8%D0%B9_%D1%8F%D0%B7%D1%8B%D0%BA\" title=\"Испанский язык\">исп.</a>&nbsp;<em>m&uacute;sica latina</em>).</p>", "author": 1, "is_privat": false, "like_count": 0, "is_fav": false, "created": "2024-01-27T18:55:06.490Z", "updated": "2024-01-28T08:09:18.597Z", "favourites": [], "likes": []}}, {"model": "mptt_blog.post", "pk": 4, "fields": {"title": "Определение Блюз", "category": 4, "content": "<p><em>Блюз</em>&nbsp;(<a href=\"https://ru.wikipedia.org/wiki/%D0%90%D0%BD%D0%B3%D0%BB%D0%B8%D0%B9%D1%81%D0%BA%D0%B8%D0%B9_%D1%8F%D0%B7%D1%8B%D0%BA\" title=\"Английский язык\">англ.</a>&nbsp;blues&nbsp;от&nbsp;<em>blue devils</em>)&nbsp;&mdash;&nbsp;<a href=\"https://ru.wikipedia.org/wiki/%D0%9C%D1%83%D0%B7%D1%8B%D0%BA%D0%B0%D0%BB%D1%8C%D0%BD%D0%B0%D1%8F_%D1%84%D0%BE%D1%80%D0%BC%D0%B0\" title=\"Музыкальная форма\">музыкальная форма</a>&nbsp;и&nbsp;<a href=\"https://ru.wikipedia.org/wiki/%D0%9C%D1%83%D0%B7%D1%8B%D0%BA%D0%B0%D0%BB%D1%8C%D0%BD%D1%8B%D0%B9_%D0%B6%D0%B0%D0%BD%D1%80\" title=\"Музыкальный жанр\">музыкальный жанр</a>, зародившиеся в конце XIX века в&nbsp;<a href=\"https://ru.wikipedia.org/wiki/%D0%90%D1%84%D1%80%D0%BE%D0%B0%D0%BC%D0%B5%D1%80%D0%B8%D0%BA%D0%B0%D0%BD%D1%86%D1%8B\" title=\"Афроамериканцы\">афроамериканском</a>&nbsp;сообществе Юго-востока&nbsp;<a href=\"https://ru.wikipedia.org/wiki/%D0%A1%D0%A8%D0%90\" title=\"США\">США</a>, в среде выходцев с&nbsp;<a href=\"https://ru.wikipedia.org/wiki/%D0%9F%D0%BB%D0%B0%D0%BD%D1%82%D0%B0%D1%86%D0%B8%D1%8F\" title=\"Плантация\">плантаций</a>&nbsp;&laquo;<a href=\"https://ru.wikipedia.org/wiki/%D0%A5%D0%BB%D0%BE%D0%BF%D0%BA%D0%BE%D0%B2%D1%8B%D0%B9_%D0%BF%D0%BE%D1%8F%D1%81\" title=\"Хлопковый пояс\">Хлопкового пояса</a>&raquo;. Является (наряду с&nbsp;<a href=\"https://ru.wikipedia.org/wiki/%D0%A0%D1%8D%D0%B3%D1%82%D0%B0%D0%B9%D0%BC\" title=\"Рэгтайм\">рэгтаймом</a>,&nbsp;<a href=\"https://ru.wikipedia.org/wiki/%D0%94%D0%B6%D0%B0%D0%B7#%D0%98%D1%81%D1%82%D0%BE%D1%80%D0%B8%D1%8F_%D1%80%D0%B0%D0%B7%D0%B2%D0%B8%D1%82%D0%B8%D1%8F_%D0%B4%D0%B6%D0%B0%D0%B7%D0%B0._%D0%9E%D1%81%D0%BD%D0%BE%D0%B2%D0%BD%D1%8B%D0%B5_%D1%82%D0%B5%D1%87%D0%B5%D0%BD%D0%B8%D1%8F\" title=\"Джаз\">ранним джазом</a>,&nbsp;<a href=\"https://ru.wikipedia.org/wiki/%D0%A0%D1%8D%D0%BF\" title=\"Рэп\">рэпом</a>&nbsp;и др.) одним из наиболее влиятельных вкладов&nbsp;<a href=\"https://ru.wikipedia.org/wiki/%D0%90%D1%84%D1%80%D0%BE%D0%B0%D0%BC%D0%B5%D1%80%D0%B8%D0%BA%D0%B0%D0%BD%D1%86%D1%8B\" title=\"Афроамериканцы\">афроамериканцев</a>&nbsp;в мировую музыкальную культуру, сложившимся из таких её проявлений, как&nbsp;<a href=\"https://ru.wikipedia.org/w/index.php?title=%D0%A0%D0%B0%D0%B1%D0%BE%D1%87%D0%B0%D1%8F_%D0%BF%D0%B5%D1%81%D0%BD%D1%8F&amp;action=edit&amp;redlink=1\" title=\"Рабочая песня (страница отсутствует)\">&laquo;рабочая песня&raquo;</a><a href=\"https://en.wikipedia.org/wiki/work_song\" title=\"en:work song\">[en]</a>,&nbsp;<a href=\"https://ru.wikipedia.org/w/index.php?title=%D0%A5%D0%BE%D0%BB%D0%B5%D1%80_(%D0%B6%D0%B0%D0%BD%D1%80)&amp;action=edit&amp;redlink=1\" title=\"Холер (жанр) (страница отсутствует)\">холер</a><a href=\"https://en.wikipedia.org/wiki/Field_hollers\" title=\"en:Field hollers\">[en]</a>&nbsp;(ритмичные вскрики, сопровождавшие работу в поле), выкрики в ритуалах африканских религиозных культов (<a href=\"https://ru.wikipedia.org/wiki/%D0%90%D0%BD%D0%B3%D0%BB%D0%B8%D0%B9%D1%81%D0%BA%D0%B8%D0%B9_%D1%8F%D0%B7%D1%8B%D0%BA\" title=\"Английский язык\">англ.</a>&nbsp;<a href=\"https://ru.wikipedia.org/w/index.php?title=%D0%A0%D0%B8%D0%BD%D0%B3-%D1%88%D0%B0%D1%83%D1%82&amp;action=edit&amp;redlink=1\" title=\"Ринг-шаут (страница отсутствует)\">ринг-шаут</a><a href=\"https://en.wikipedia.org/wiki/ring_shout\" title=\"en:ring shout\">[en]</a>),&nbsp;<a href=\"https://ru.wikipedia.org/wiki/%D0%A1%D0%BF%D0%B8%D1%80%D0%B8%D1%87%D1%83%D1%8D%D0%BB%D1%81\" title=\"Спиричуэлс\">спиричуэлс</a>&nbsp;(христианские песнопения в особой манере),&nbsp;<a href=\"https://ru.wikipedia.org/w/index.php?title=%D0%A8%D0%B0%D0%BD%D1%82_(%D1%80%D0%B0%D1%81%D0%BF%D0%B5%D0%B2)&amp;action=edit&amp;redlink=1\" title=\"Шант (распев) (страница отсутствует)\">шант</a><a href=\"https://en.wikipedia.org/wiki/chant\" title=\"en:chant\">[en]</a>&nbsp;и&nbsp;<a href=\"https://ru.wikipedia.org/wiki/%D0%91%D0%B0%D0%BB%D0%BB%D0%B0%D0%B4%D0%B0\" title=\"Баллада\">баллады</a>&nbsp;(короткие стихотворные истории). Блюз во многом</p>", "author": 1, "is_privat": false, "like_count": 1, "is_fav": false, "created": "2024-01-27T18:56:48.556Z", "updated": "2024-01-27T18:58:41.655Z", "favourites": [], "likes": [1]}}, {"model": "mptt_blog.category", "pk": 1, "fields": {"title": "Искусство", "parent": null, "author": 1, "url": "iskusstvo", "lft": 1, "rght": 2, "tree_id": 1, "level": 0}}, {"model": "mptt_blog.category", "pk": 2, "fields": {"title": "Музыка", "parent": null, "author": 1, "url": "muzyika", "lft": 1, "rght": 6, "tree_id": 2, "level": 0}}, {"model": "mptt_blog.category", "pk": 3, "fields": {"title": "Латиноамериканская музыка", "parent": 2, "author": 1, "url": "muzyika/latinoamerikanskaya-muzyika", "lft": 4, "rght": 5, "tree_id": 2, "level": 1}}, {"model": "mptt_blog.category", "pk": 4, "fields": {"title": "Блюз", "parent": 2, "author": 1, "url": "muzyika/blyuz", "lft": 2, "rght": 3, "tree_id": 2, "level": 1}}, {"model": "quiz.quiz", "pk": 1, "fields": {"title": "Вопросы из различных областей", "is_completed": []}}, {"model": "quiz.question", "pk": 1, "fields": {"parent_quiz": 1, "title": "Впервые назвал джаз \"музыкой толстых\"", "is_completed": [], "is_right_user_completed": []}}, {"model": "quiz.question", "pk": 2, "fields": {"parent_quiz": 1, "title": "Немецкий математик Карл Гаусс завещал изобразить на своей могиле", "is_completed": [], "is_right_user_completed": []}}, {"model": "quiz.question", "pk": 3, "fields": {"parent_quiz": 1, "title": "Самая крупная рублёвая купюра имела номинал", "is_completed": [], "is_right_user_completed": []}}, {"model": "quiz.answer", "pk": 1, "fields": {"parent_question": 1, "title": "Максим Горький", "is_true": true, "is_user_answer": []}}, {"model": "quiz.answer", "pk": 2, "fields": {"parent_question": 1, "title": "Эрнест Хемингуэй", "is_true": false, "is_user_answer": []}}, {"model": "quiz.answer", "pk": 3, "fields": {"parent_question": 1, "title": "Бернард Шоу", "is_true": false, "is_user_answer": []}}, {"model": "quiz.answer", "pk": 4, "fields": {"parent_question": 2, "title": "Ромб", "is_true": false, "is_user_answer": []}}, {"model": "quiz.answer", "pk": 5, "fields": {"parent_question": 2, "title": "Шестиугольник", "is_true": false, "is_user_answer": []}}, {"model": "quiz.answer", "pk": 6, "fields": {"parent_question": 2, "title": "Семнадцатиугольник", "is_true": true, "is_user_answer": []}}, {"model": "quiz.answer", "pk": 7, "fields": {"parent_question": 3, "title": "1 000 000 рублей", "is_true": false, "is_user_answer": []}}, {"model": "quiz.answer", "pk": 8, "fields": {"parent_question": 3, "title": "500 000 рублей", "is_true": true, "is_user_answer": []}}, {"model": "quiz.answer", "pk": 9, "fields": {"parent_question": 3, "title": "1 500 000 рублей", "is_true": false, "is_user_answer": []}}, {"model": "verification_phone_api.customuser", "pk": 1, "fields": {"phone_number": "+7(929)927-19-89", "invite": "eeBoMS", "self_invite": "eeBoMS", "is_active": true}}, {"model": "django_celery_results.taskresult", "pk": 1, "fields": {"task_id": "260ee890-4e36-4c60-b50c-200fecc7ba70", "periodic_task_name": null, "task_name": null, "task_args": null, "task_kwargs": null, "status": "SUCCESS", "worker": null, "content_type": "application/json", "content_encoding": "utf-8", "result": "\"Your massage was send successfully!\"", "date_created": "2024-01-26T13:36:28.664Z", "date_done": "2024-01-26T13:36:28.664Z", "traceback": null, "meta": "{\"children\": []}"}}, {"model": "django_celery_results.taskresult", "pk": 2, "fields": {"task_id": "9fe6c68a-1860-4737-a757-140aac87ae23", "periodic_task_name": null, "task_name": null, "task_args": null, "task_kwargs": null, "status": "SUCCESS", "worker": null, "content_type": "application/json", "content_encoding": "utf-8", "result": "\"Your massage was send successfully!\"", "date_created": "2024-01-26T13:37:31.768Z", "date_done": "2024-01-26T13:37:31.768Z", "traceback": null, "meta": "{\"children\": []}"}}]